Emp ID,First Name,Last Name,DOB,SSN,State
232,Gary,Knight,03/8/1994,***-**-1242,AR
533,Gary,Knight,03/8/1994,***-**-1242,AR
256,Gary,Knight,03/8/1994,***-**-1242,AR
189,Gary,Knight,03/8/1994,***-**-1242,AR
284,Gary,Knight,03/8/1994,***-**-1242,AR
512,Gary,Knight,03/8/1994,***-**-1242,AR
126,Gary,Knight,03/8/1994,***-**-1242,AR
556,Gary,Knight,03/8/1994,***-**-1242,AR
595,Gary,Knight,03/8/1994,***-**-1242,AR
191,Gary,Knight,03/8/1994,***-**-1242,AR
55,Gary,Knight,03/8/1994,***-**-1242,AR
623,Gary,Knight,03/8/1994,***-**-1242,AR
426,Gary,Knight,03/8/1994,***-**-1242,AR
535,Gary,Knight,03/8/1994,***-**-1242,AR
399,Gary,Knight,03/8/1994,***-**-1242,AR
33,Gary,Knight,03/8/1994,***-**-1242,AR
302,Gary,Knight,03/8/1994,***-**-1242,AR
325,Gary,Knight,03/8/1994,***-**-1242,AR
188,Gary,Knight,03/8/1994,***-**-1242,AR
184,Gary,Knight,03/8/1994,***-**-1242,AR
526,Gary,Knight,03/8/1994,***-**-1242,AR
85,Gary,Knight,03/8/1994,***-**-1242,AR
171,Gary,Knight,03/8/1994,***-**-1242,AR
74,Gary,Knight,03/8/1994,***-**-1242,AR
69,Gary,Knight,03/8/1994,***-**-1242,AR
365,Gary,Knight,03/8/1994,***-**-1242,AR
149,Gary,Knight,03/8/1994,***-**-1242,AR
218,Gary,Knight,03/8/1994,***-**-1242,AR
647,Gary,Knight,03/8/1994,***-**-1242,AR
518,Gary,Knight,03/8/1994,***-**-1242,AR
12,Gary,Knight,03/8/1994,***-**-1242,AR
622,Gary,Knight,03/8/1994,***-**-1242,AR
159,Gary,Knight,03/8/1994,***-**-1242,AR
394,Gary,Knight,03/8/1994,***-**-1242,AR
158,Gary,Knight,03/8/1994,***-**-1242,AR
446,Gary,Knight,03/8/1994,***-**-1242,AR
352,Gary,Knight,03/8/1994,***-**-1242,AR
598,Gary,Knight,03/8/1994,***-**-1242,AR
505,Gary,Knight,03/8/1994,***-**-1242,AR
173,Gary,Knight,03/8/1994,***-**-1242,AR
84,Gary,Knight,03/8/1994,***-**-1242,AR
406,Gary,Knight,03/8/1994,***-**-1242,AR
164,Gary,Knight,03/8/1994,***-**-1242,AR
267,Gary,Knight,03/8/1994,***-**-1242,AR
503,Gary,Knight,03/8/1994,***-**-1242,AR
295,Gary,Knight,03/8/1994,***-**-1242,AR
590,Gary,Knight,03/8/1994,***-**-1242,AR
97,Gary,Knight,03/8/1994,***-**-1242,AR
3,Gary,Knight,03/8/1994,***-**-1242,AR
20,Gary,Knight,03/8/1994,***-**-1242,AR
179,Gary,Knight,03/8/1994,***-**-1242,AR
86,Gary,Knight,03/8/1994,***-**-1242,AR
219,Gary,Knight,03/8/1994,***-**-1242,AR
237,Gary,Knight,03/8/1994,***-**-1242,AR
96,Gary,Knight,03/8/1994,***-**-1242,AR
22,Gary,Knight,03/8/1994,***-**-1242,AR
439,Gary,Knight,03/8/1994,***-**-1242,AR
146,Gary,Knight,03/8/1994,***-**-1242,AR
271,Gary,Knight,03/8/1994,***-**-1242,AR
103,Gary,Knight,03/8/1994,***-**-1242,AR
540,Gary,Knight,03/8/1994,***-**-1242,AR
144,Gary,Knight,03/8/1994,***-**-1242,AR
594,Gary,Knight,03/8/1994,***-**-1242,AR
176,Gary,Knight,03/8/1994,***-**-1242,AR
198,Gary,Knight,03/8/1994,***-**-1242,AR
433,Gary,Knight,03/8/1994,***-**-1242,AR
274,Gary,Knight,03/8/1994,***-**-1242,AR
6,Gary,Knight,03/8/1994,***-**-1242,AR
452,Gary,Knight,03/8/1994,***-**-1242,AR
23,Gary,Knight,03/8/1994,***-**-1242,AR
373,Gary,Knight,03/8/1994,***-**-1242,AR
374,Gary,Knight,03/8/1994,***-**-1242,AR
200,Gary,Knight,03/8/1994,***-**-1242,AR
428,Gary,Knight,03/8/1994,***-**-1242,AR
116,Gary,Knight,03/8/1994,***-**-1242,AR
418,Gary,Knight,03/8/1994,***-**-1242,AR
9,Gary,Knight,03/8/1994,***-**-1242,AR
230,Gary,Knight,03/8/1994,***-**-1242,AR
502,Gary,Knight,03/8/1994,***-**-1242,AR
632,Gary,Knight,03/8/1994,***-**-1242,AR
112,Gary,Knight,03/8/1994,***-**-1242,AR
422,Gary,Knight,03/8/1994,***-**-1242,AR
131,Gary,Knight,03/8/1994,***-**-1242,AR
404,Gary,Knight,03/8/1994,***-**-1242,AR
504,Gary,Knight,03/8/1994,***-**-1242,AR
194,Gary,Knight,03/8/1994,***-**-1242,AR
567,Gary,Knight,03/8/1994,***-**-1242,AR
253,Gary,Knight,03/8/1994,***-**-1242,AR
407,Gary,Knight,03/8/1994,***-**-1242,AR
82,Gary,Knight,03/8/1994,***-**-1242,AR
429,Gary,Knight,03/8/1994,***-**-1242,AR
78,Gary,Knight,03/8/1994,***-**-1242,AR
167,Gary,Knight,03/8/1994,***-**-1242,AR
484,Gary,Knight,03/8/1994,***-**-1242,AR
60,Gary,Knight,03/8/1994,***-**-1242,AR
400,Gary,Knight,03/8/1994,***-**-1242,AR
34,Gary,Knight,03/8/1994,***-**-1242,AR
596,Gary,Knight,03/8/1994,***-**-1242,AR
279,Gary,Knight,03/8/1994,***-**-1242,AR
466,Gary,Knight,03/8/1994,***-**-1242,AR
327,Gary,Knight,03/8/1994,***-**-1242,AR
382,Gary,Knight,03/8/1994,***-**-1242,AR
369,Gary,Knight,03/8/1994,***-**-1242,AR
347,Gary,Knight,03/8/1994,***-**-1242,AR
25,Gary,Knight,03/8/1994,***-**-1242,AR
317,Gary,Knight,03/8/1994,***-**-1242,AR
321,Gary,Knight,03/8/1994,***-**-1242,AR
193,Gary,Knight,03/8/1994,***-**-1242,AR
606,Gary,Knight,03/8/1994,***-**-1242,AR
123,Gary,Knight,03/8/1994,***-**-1242,AR
566,Gary,Knight,03/8/1994,***-**-1242,AR
409,Gary,Knight,03/8/1994,***-**-1242,AR
265,Gary,Knight,03/8/1994,***-**-1242,AR
490,Gary,Knight,03/8/1994,***-**-1242,AR
311,Gary,Knight,03/8/1994,***-**-1242,AR
537,Gary,Knight,03/8/1994,***-**-1242,AR
147,Gary,Knight,03/8/1994,***-**-1242,AR
304,Gary,Knight,03/8/1994,***-**-1242,AR
472,Gary,Knight,03/8/1994,***-**-1242,AR
348,Gary,Knight,03/8/1994,***-**-1242,AR
91,Gary,Knight,03/8/1994,***-**-1242,AR
410,Gary,Knight,03/8/1994,***-**-1242,AR
344,Gary,Knight,03/8/1994,***-**-1242,AR
419,Gary,Knight,03/8/1994,***-**-1242,AR
1,Gary,Knight,03/8/1994,***-**-1242,AR
532,Gary,Knight,03/8/1994,***-**-1242,AR
107,Gary,Knight,03/8/1994,***-**-1242,AR
166,Gary,Knight,03/8/1994,***-**-1242,AR
391,Gary,Knight,03/8/1994,***-**-1242,AR
67,Gary,Knight,03/8/1994,***-**-1242,AR
447,Gary,Knight,03/8/1994,***-**-1242,AR
653,Gary,Knight,03/8/1994,***-**-1242,AR
294,Gary,Knight,03/8/1994,***-**-1242,AR
416,Gary,Knight,03/8/1994,***-**-1242,AR
185,Gary,Knight,03/8/1994,***-**-1242,AR
637,Gary,Knight,03/8/1994,***-**-1242,AR
333,Gary,Knight,03/8/1994,***-**-1242,AR
579,Gary,Knight,03/8/1994,***-**-1242,AR
215,Gary,Knight,03/8/1994,***-**-1242,AR
152,Gary,Knight,03/8/1994,***-**-1242,AR
301,Gary,Knight,03/8/1994,***-**-1242,AR
572,Gary,Knight,03/8/1994,***-**-1242,AR
165,Gary,Knight,03/8/1994,***-**-1242,AR
639,Gary,Knight,03/8/1994,***-**-1242,AR
405,Gary,Knight,03/8/1994,***-**-1242,AR
390,Gary,Knight,03/8/1994,***-**-1242,AR
641,Gary,Knight,03/8/1994,***-**-1242,AR
51,Gary,Knight,03/8/1994,***-**-1242,AR
421,Gary,Knight,03/8/1994,***-**-1242,AR
106,Gary,Knight,03/8/1994,***-**-1242,AR
379,Gary,Knight,03/8/1994,***-**-1242,AR
76,Gary,Knight,03/8/1994,***-**-1242,AR
68,Gary,Knight,03/8/1994,***-**-1242,AR
118,Gary,Knight,03/8/1994,***-**-1242,AR
127,Gary,Knight,03/8/1994,***-**-1242,AR
542,Gary,Knight,03/8/1994,***-**-1242,AR
181,Gary,Knight,03/8/1994,***-**-1242,AR
111,Gary,Knight,03/8/1994,***-**-1242,AR
481,Gary,Knight,03/8/1994,***-**-1242,AR
568,Gary,Knight,03/8/1994,***-**-1242,AR
395,Gary,Knight,03/8/1994,***-**-1242,AR
345,Gary,Knight,03/8/1994,***-**-1242,AR
438,Gary,Knight,03/8/1994,***-**-1242,AR
403,Gary,Knight,03/8/1994,***-**-1242,AR
180,Gary,Knight,03/8/1994,***-**-1242,AR
616,Gary,Knight,03/8/1994,***-**-1242,AR
56,Gary,Knight,03/8/1994,***-**-1242,AR
153,Gary,Knight,03/8/1994,***-**-1242,AR
551,Gary,Knight,03/8/1994,***-**-1242,AR
135,Gary,Knight,03/8/1994,***-**-1242,AR
500,Gary,Knight,03/8/1994,***-**-1242,AR
24,Gary,Knight,03/8/1994,***-**-1242,AR
81,Gary,Knight,03/8/1994,***-**-1242,AR
50,Gary,Knight,03/8/1994,***-**-1242,AR
328,Gary,Knight,03/8/1994,***-**-1242,AR
402,Gary,Knight,03/8/1994,***-**-1242,AR
255,Gary,Knight,03/8/1994,***-**-1242,AR
413,Gary,Knight,03/8/1994,***-**-1242,AR
507,Gary,Knight,03/8/1994,***-**-1242,AR
62,Gary,Knight,03/8/1994,***-**-1242,AR
150,Gary,Knight,03/8/1994,***-**-1242,AR
109,Gary,Knight,03/8/1994,***-**-1242,AR
310,Gary,Knight,03/8/1994,***-**-1242,AR
243,Gary,Knight,03/8/1994,***-**-1242,AR
72,Gary,Knight,03/8/1994,***-**-1242,AR
608,Gary,Knight,03/8/1994,***-**-1242,AR
19,Gary,Knight,03/8/1994,***-**-1242,AR
30,Gary,Knight,03/8/1994,***-**-1242,AR
119,Gary,Knight,03/8/1994,***-**-1242,AR
162,Gary,Knight,03/8/1994,***-**-1242,AR
199,Gary,Knight,03/8/1994,***-**-1242,AR
187,Gary,Knight,03/8/1994,***-**-1242,AR
102,Gary,Knight,03/8/1994,***-**-1242,AR
385,Gary,Knight,03/8/1994,***-**-1242,AR
626,Gary,Knight,03/8/1994,***-**-1242,AR
528,Gary,Knight,03/8/1994,***-**-1242,AR
31,Gary,Knight,03/8/1994,***-**-1242,AR
43,Gary,Knight,03/8/1994,***-**-1242,AR
169,Gary,Knight,03/8/1994,***-**-1242,AR
204,Gary,Knight,03/8/1994,***-**-1242,AR
494,Gary,Knight,03/8/1994,***-**-1242,AR
233,Gary,Knight,03/8/1994,***-**-1242,AR
638,Gary,Knight,03/8/1994,***-**-1242,AR
57,Gary,Knight,03/8/1994,***-**-1242,AR
648,Gary,Knight,03/8/1994,***-**-1242,AR
192,Gary,Knight,03/8/1994,***-**-1242,AR
73,Gary,Knight,03/8/1994,***-**-1242,AR
477,Gary,Knight,03/8/1994,***-**-1242,AR
411,Gary,Knight,03/8/1994,***-**-1242,AR
630,Gary,Knight,03/8/1994,***-**-1242,AR
600,Gary,Knight,03/8/1994,***-**-1242,AR
634,Gary,Knight,03/8/1994,***-**-1242,AR
296,Gary,Knight,03/8/1994,***-**-1242,AR
154,Gary,Knight,03/8/1994,***-**-1242,AR
527,Gary,Knight,03/8/1994,***-**-1242,AR
635,Gary,Knight,03/8/1994,***-**-1242,AR
229,Gary,Knight,03/8/1994,***-**-1242,AR
389,Gary,Knight,03/8/1994,***-**-1242,AR
220,Gary,Knight,03/8/1994,***-**-1242,AR
454,Gary,Knight,03/8/1994,***-**-1242,AR
488,Gary,Knight,03/8/1994,***-**-1242,AR
41,Gary,Knight,03/8/1994,***-**-1242,AR
522,Gary,Knight,03/8/1994,***-**-1242,AR
269,Gary,Knight,03/8/1994,***-**-1242,AR
35,Gary,Knight,03/8/1994,***-**-1242,AR
10,Gary,Knight,03/8/1994,***-**-1242,AR
397,Gary,Knight,03/8/1994,***-**-1242,AR
45,Gary,Knight,03/8/1994,***-**-1242,AR
210,Gary,Knight,03/8/1994,***-**-1242,AR
197,Gary,Knight,03/8/1994,***-**-1242,AR
354,Gary,Knight,03/8/1994,***-**-1242,AR
552,Gary,Knight,03/8/1994,***-**-1242,AR
414,Gary,Knight,03/8/1994,***-**-1242,AR
134,Gary,Knight,03/8/1994,***-**-1242,AR
11,Gary,Knight,03/8/1994,***-**-1242,AR
222,Gary,Knight,03/8/1994,***-**-1242,AR
442,Gary,Knight,03/8/1994,***-**-1242,AR
633,Gary,Knight,03/8/1994,***-**-1242,AR
361,Gary,Knight,03/8/1994,***-**-1242,AR
205,Gary,Knight,03/8/1994,***-**-1242,AR
18,Gary,Knight,03/8/1994,***-**-1242,AR
459,Gary,Knight,03/8/1994,***-**-1242,AR
564,Gary,Knight,03/8/1994,***-**-1242,AR
138,Gary,Knight,03/8/1994,***-**-1242,AR
356,Gary,Knight,03/8/1994,***-**-1242,AR
479,Gary,Knight,03/8/1994,***-**-1242,AR
100,Gary,Knight,03/8/1994,***-**-1242,AR
451,Gary,Knight,03/8/1994,***-**-1242,AR
432,Gary,Knight,03/8/1994,***-**-1242,AR
71,Gary,Knight,03/8/1994,***-**-1242,AR
463,Gary,Knight,03/8/1994,***-**-1242,AR
308,Gary,Knight,03/8/1994,***-**-1242,AR
591,Gary,Knight,03/8/1994,***-**-1242,AR
214,Gary,Knight,03/8/1994,***-**-1242,AR
290,Gary,Knight,03/8/1994,***-**-1242,AR
8,Gary,Knight,03/8/1994,***-**-1242,AR
182,Gary,Knight,03/8/1994,***-**-1242,AR
534,Gary,Knight,03/8/1994,***-**-1242,AR
511,Gary,Knight,03/8/1994,***-**-1242,AR
32,Gary,Knight,03/8/1994,***-**-1242,AR
289,Gary,Knight,03/8/1994,***-**-1242,AR
643,Gary,Knight,03/8/1994,***-**-1242,AR
234,Gary,Knight,03/8/1994,***-**-1242,AR
618,Gary,Knight,03/8/1994,***-**-1242,AR
246,Gary,Knight,03/8/1994,***-**-1242,AR
546,Gary,Knight,03/8/1994,***-**-1242,AR
455,Gary,Knight,03/8/1994,***-**-1242,AR
341,Gary,Knight,03/8/1994,***-**-1242,AR
252,Gary,Knight,03/8/1994,***-**-1242,AR
351,Gary,Knight,03/8/1994,***-**-1242,AR
493,Gary,Knight,03/8/1994,***-**-1242,AR
599,Gary,Knight,03/8/1994,***-**-1242,AR
315,Gary,Knight,03/8/1994,***-**-1242,AR
577,Gary,Knight,03/8/1994,***-**-1242,AR
415,Gary,Knight,03/8/1994,***-**-1242,AR
303,Gary,Knight,03/8/1994,***-**-1242,AR
478,Gary,Knight,03/8/1994,***-**-1242,AR
313,Gary,Knight,03/8/1994,***-**-1242,AR
4,Gary,Knight,03/8/1994,***-**-1242,AR
249,Gary,Knight,03/8/1994,***-**-1242,AR
649,Gary,Knight,03/8/1994,***-**-1242,AR
565,Gary,Knight,03/8/1994,***-**-1242,AR
513,Gary,Knight,03/8/1994,***-**-1242,AR
516,Gary,Knight,03/8/1994,***-**-1242,AR
545,Gary,Knight,03/8/1994,***-**-1242,AR
38,Gary,Knight,03/8/1994,***-**-1242,AR
309,Gary,Knight,03/8/1994,***-**-1242,AR
578,Gary,Knight,03/8/1994,***-**-1242,AR
178,Gary,Knight,03/8/1994,***-**-1242,AR
359,Gary,Knight,03/8/1994,***-**-1242,AR
278,Gary,Knight,03/8/1994,***-**-1242,AR
292,Gary,Knight,03/8/1994,***-**-1242,AR
87,Gary,Knight,03/8/1994,***-**-1242,AR
286,Gary,Knight,03/8/1994,***-**-1242,AR
221,Gary,Knight,03/8/1994,***-**-1242,AR
524,Gary,Knight,03/8/1994,***-**-1242,AR
453,Gary,Knight,03/8/1994,***-**-1242,AR
468,Gary,Knight,03/8/1994,***-**-1242,AR
444,Gary,Knight,03/8/1994,***-**-1242,AR
350,Gary,Knight,03/8/1994,***-**-1242,AR
462,Gary,Knight,03/8/1994,***-**-1242,AR
66,Gary,Knight,03/8/1994,***-**-1242,AR
495,Gary,Knight,03/8/1994,***-**-1242,AR
586,Gary,Knight,03/8/1994,***-**-1242,AR
457,Gary,Knight,03/8/1994,***-**-1242,AR
392,Gary,Knight,03/8/1994,***-**-1242,AR
202,Gary,Knight,03/8/1994,***-**-1242,AR
467,Gary,Knight,03/8/1994,***-**-1242,AR
627,Gary,Knight,03/8/1994,***-**-1242,AR
367,Gary,Knight,03/8/1994,***-**-1242,AR
244,Gary,Knight,03/8/1994,***-**-1242,AR
620,Gary,Knight,03/8/1994,***-**-1242,AR
642,Gary,Knight,03/8/1994,***-**-1242,AR
427,Gary,Knight,03/8/1994,***-**-1242,AR
539,Gary,Knight,03/8/1994,***-**-1242,AR
98,Gary,Knight,03/8/1994,***-**-1242,AR
324,Gary,Knight,03/8/1994,***-**-1242,AR
589,Gary,Knight,03/8/1994,***-**-1242,AR
339,Gary,Knight,03/8/1994,***-**-1242,AR
645,Gary,Knight,03/8/1994,***-**-1242,AR
355,Gary,Knight,03/8/1994,***-**-1242,AR
541,Gary,Knight,03/8/1994,***-**-1242,AR
360,Gary,Knight,03/8/1994,***-**-1242,AR
39,Gary,Knight,03/8/1994,***-**-1242,AR
305,Gary,Knight,03/8/1994,***-**-1242,AR
474,Gary,Knight,03/8/1994,***-**-1242,AR
571,Gary,Knight,03/8/1994,***-**-1242,AR
372,Gary,Knight,03/8/1994,***-**-1242,AR
559,Gary,Knight,03/8/1994,***-**-1242,AR
521,Gary,Knight,03/8/1994,***-**-1242,AR
583,Gary,Knight,03/8/1994,***-**-1242,AR
329,Gary,Knight,03/8/1994,***-**-1242,AR
201,Gary,Knight,03/8/1994,***-**-1242,AR
276,Gary,Knight,03/8/1994,***-**-1242,AR
592,Gary,Knight,03/8/1994,***-**-1242,AR
124,Gary,Knight,03/8/1994,***-**-1242,AR
133,Gary,Knight,03/8/1994,***-**-1242,AR
314,Gary,Knight,03/8/1994,***-**-1242,AR
562,Gary,Knight,03/8/1994,***-**-1242,AR
125,Gary,Knight,03/8/1994,***-**-1242,AR
625,Gary,Knight,03/8/1994,***-**-1242,AR
312,Gary,Knight,03/8/1994,***-**-1242,AR
90,Gary,Knight,03/8/1994,***-**-1242,AR
236,Gary,Knight,03/8/1994,***-**-1242,AR
601,Gary,Knight,03/8/1994,***-**-1242,AR
326,Gary,Knight,03/8/1994,***-**-1242,AR
264,Gary,Knight,03/8/1994,***-**-1242,AR
248,Gary,Knight,03/8/1994,***-**-1242,AR
485,Gary,Knight,03/8/1994,***-**-1242,AR
54,Gary,Knight,03/8/1994,***-**-1242,AR
2,Gary,Knight,03/8/1994,***-**-1242,AR
298,Gary,Knight,03/8/1994,***-**-1242,AR
99,Gary,Knight,03/8/1994,***-**-1242,AR
186,Gary,Knight,03/8/1994,***-**-1242,AR
593,Gary,Knight,03/8/1994,***-**-1242,AR
557,Gary,Knight,03/8/1994,***-**-1242,AR
375,Gary,Knight,03/8/1994,***-**-1242,AR
460,Gary,Knight,03/8/1994,***-**-1242,AR
496,Gary,Knight,03/8/1994,***-**-1242,AR
487,Gary,Knight,03/8/1994,***-**-1242,AR
469,Gary,Knight,03/8/1994,***-**-1242,AR
340,Gary,Knight,03/8/1994,***-**-1242,AR
363,Gary,Knight,03/8/1994,***-**-1242,AR
108,Gary,Knight,03/8/1994,***-**-1242,AR
357,Gary,Knight,03/8/1994,***-**-1242,AR
293,Gary,Knight,03/8/1994,***-**-1242,AR
604,Gary,Knight,03/8/1994,***-**-1242,AR
7,Gary,Knight,03/8/1994,***-**-1242,AR
94,Gary,Knight,03/8/1994,***-**-1242,AR
227,Gary,Knight,03/8/1994,***-**-1242,AR
486,Gary,Knight,03/8/1994,***-**-1242,AR
613,Gary,Knight,03/8/1994,***-**-1242,AR
603,Gary,Knight,03/8/1994,***-**-1242,AR
332,Gary,Knight,03/8/1994,***-**-1242,AR
587,Gary,Knight,03/8/1994,***-**-1242,AR
602,Gary,Knight,03/8/1994,***-**-1242,AR
398,Gary,Knight,03/8/1994,***-**-1242,AR
148,Gary,Knight,03/8/1994,***-**-1242,AR
223,Gary,Knight,03/8/1994,***-**-1242,AR
574,Gary,Knight,03/8/1994,***-**-1242,AR
588,Gary,Knight,03/8/1994,***-**-1242,AR
157,Gary,Knight,03/8/1994,***-**-1242,AR
175,Gary,Knight,03/8/1994,***-**-1242,AR
473,Gary,Knight,03/8/1994,***-**-1242,AR
29,Gary,Knight,03/8/1994,***-**-1242,AR
334,Gary,Knight,03/8/1994,***-**-1242,AR
465,Gary,Knight,03/8/1994,***-**-1242,AR
92,Gary,Knight,03/8/1994,***-**-1242,AR
470,Gary,Knight,03/8/1994,***-**-1242,AR
128,Gary,Knight,03/8/1994,***-**-1242,AR
77,Gary,Knight,03/8/1994,***-**-1242,AR
530,Gary,Knight,03/8/1994,***-**-1242,AR
270,Gary,Knight,03/8/1994,***-**-1242,AR
251,Gary,Knight,03/8/1994,***-**-1242,AR
277,Gary,Knight,03/8/1994,***-**-1242,AR
346,Gary,Knight,03/8/1994,***-**-1242,AR
238,Gary,Knight,03/8/1994,***-**-1242,AR
143,Gary,Knight,03/8/1994,***-**-1242,AR
461,Gary,Knight,03/8/1994,***-**-1242,AR
5,Gary,Knight,03/8/1994,***-**-1242,AR
117,Gary,Knight,03/8/1994,***-**-1242,AR
396,Gary,Knight,03/8/1994,***-**-1242,AR
517,Gary,Knight,03/8/1994,***-**-1242,AR
228,Gary,Knight,03/8/1994,***-**-1242,AR
576,Gary,Knight,03/8/1994,***-**-1242,AR
482,Gary,Knight,03/8/1994,***-**-1242,AR
611,Gary,Knight,03/8/1994,***-**-1242,AR
288,Gary,Knight,03/8/1994,***-**-1242,AR
322,Gary,Knight,03/8/1994,***-**-1242,AR
93,Gary,Knight,03/8/1994,***-**-1242,AR
631,Gary,Knight,03/8/1994,***-**-1242,AR
95,Gary,Knight,03/8/1994,***-**-1242,AR
225,Gary,Knight,03/8/1994,***-**-1242,AR
386,Gary,Knight,03/8/1994,***-**-1242,AR
272,Gary,Knight,03/8/1994,***-**-1242,AR
614,Gary,Knight,03/8/1994,***-**-1242,AR
262,Gary,Knight,03/8/1994,***-**-1242,AR
110,Gary,Knight,03/8/1994,***-**-1242,AR
501,Gary,Knight,03/8/1994,***-**-1242,AR
65,Gary,Knight,03/8/1994,***-**-1242,AR
458,Gary,Knight,03/8/1994,***-**-1242,AR
224,Gary,Knight,03/8/1994,***-**-1242,AR
160,Gary,Knight,03/8/1994,***-**-1242,AR
259,Gary,Knight,03/8/1994,***-**-1242,AR
547,Gary,Knight,03/8/1994,***-**-1242,AR
358,Gary,Knight,03/8/1994,***-**-1242,AR
652,Gary,Knight,03/8/1994,***-**-1242,AR
49,Gary,Knight,03/8/1994,***-**-1242,AR
437,Gary,Knight,03/8/1994,***-**-1242,AR
536,Gary,Knight,03/8/1994,***-**-1242,AR
636,Gary,Knight,03/8/1994,***-**-1242,AR
330,Gary,Knight,03/8/1994,***-**-1242,AR
538,Gary,Knight,03/8/1994,***-**-1242,AR
168,Gary,Knight,03/8/1994,***-**-1242,AR
480,Gary,Knight,03/8/1994,***-**-1242,AR
543,Gary,Knight,03/8/1994,***-**-1242,AR
506,Gary,Knight,03/8/1994,***-**-1242,AR
80,Gary,Knight,03/8/1994,***-**-1242,AR
342,Gary,Knight,03/8/1994,***-**-1242,AR
364,Gary,Knight,03/8/1994,***-**-1242,AR
64,Gary,Knight,03/8/1994,***-**-1242,AR
156,Gary,Knight,03/8/1994,***-**-1242,AR
285,Gary,Knight,03/8/1994,***-**-1242,AR
79,Gary,Knight,03/8/1994,***-**-1242,AR
170,Gary,Knight,03/8/1994,***-**-1242,AR
561,Gary,Knight,03/8/1994,***-**-1242,AR
617,Gary,Knight,03/8/1994,***-**-1242,AR
515,Gary,Knight,03/8/1994,***-**-1242,AR
644,Gary,Knight,03/8/1994,***-**-1242,AR
450,Gary,Knight,03/8/1994,***-**-1242,AR
216,Gary,Knight,03/8/1994,***-**-1242,AR
88,Gary,Knight,03/8/1994,***-**-1242,AR
130,Gary,Knight,03/8/1994,***-**-1242,AR
408,Gary,Knight,03/8/1994,***-**-1242,AR
105,Gary,Knight,03/8/1994,***-**-1242,AR
580,Gary,Knight,03/8/1994,***-**-1242,AR
388,Gary,Knight,03/8/1994,***-**-1242,AR
316,Gary,Knight,03/8/1994,***-**-1242,AR
196,Gary,Knight,03/8/1994,***-**-1242,AR
366,Gary,Knight,03/8/1994,***-**-1242,AR
331,Gary,Knight,03/8/1994,***-**-1242,AR
63,Gary,Knight,03/8/1994,***-**-1242,AR
651,Gary,Knight,03/8/1994,***-**-1242,AR
497,Gary,Knight,03/8/1994,***-**-1242,AR
14,Gary,Knight,03/8/1994,***-**-1242,AR
52,Gary,Knight,03/8/1994,***-**-1242,AR
456,Gary,Knight,03/8/1994,***-**-1242,AR
412,Gary,Knight,03/8/1994,***-**-1242,AR
283,Gary,Knight,03/8/1994,***-**-1242,AR
174,Gary,Knight,03/8/1994,***-**-1242,AR
509,Gary,Knight,03/8/1994,***-**-1242,AR
254,Gary,Knight,03/8/1994,***-**-1242,AR
531,Gary,Knight,03/8/1994,***-**-1242,AR
104,Gary,Knight,03/8/1994,***-**-1242,AR
549,Gary,Knight,03/8/1994,***-**-1242,AR
183,Gary,Knight,03/8/1994,***-**-1242,AR
612,Gary,Knight,03/8/1994,***-**-1242,AR
492,Gary,Knight,03/8/1994,***-**-1242,AR
27,Gary,Knight,03/8/1994,***-**-1242,AR
287,Gary,Knight,03/8/1994,***-**-1242,AR
584,Gary,Knight,03/8/1994,***-**-1242,AR
624,Gary,Knight,03/8/1994,***-**-1242,AR
53,Gary,Knight,03/8/1994,***-**-1242,AR
206,Gary,Knight,03/8/1994,***-**-1242,AR
211,Gary,Knight,03/8/1994,***-**-1242,AR
646,Gary,Knight,03/8/1994,***-**-1242,AR
336,Gary,Knight,03/8/1994,***-**-1242,AR
555,Gary,Knight,03/8/1994,***-**-1242,AR
560,Gary,Knight,03/8/1994,***-**-1242,AR
203,Gary,Knight,03/8/1994,***-**-1242,AR
217,Gary,Knight,03/8/1994,***-**-1242,AR
371,Gary,Knight,03/8/1994,***-**-1242,AR
605,Gary,Knight,03/8/1994,***-**-1242,AR
337,Gary,Knight,03/8/1994,***-**-1242,AR
381,Gary,Knight,03/8/1994,***-**-1242,AR
508,Gary,Knight,03/8/1994,***-**-1242,AR
58,Gary,Knight,03/8/1994,***-**-1242,AR
401,Gary,Knight,03/8/1994,***-**-1242,AR
163,Gary,Knight,03/8/1994,***-**-1242,AR
548,Gary,Knight,03/8/1994,***-**-1242,AR
161,Gary,Knight,03/8/1994,***-**-1242,AR
464,Gary,Knight,03/8/1994,***-**-1242,AR
476,Gary,Knight,03/8/1994,***-**-1242,AR
208,Gary,Knight,03/8/1994,***-**-1242,AR
378,Gary,Knight,03/8/1994,***-**-1242,AR
654,Gary,Knight,03/8/1994,***-**-1242,AR
585,Gary,Knight,03/8/1994,***-**-1242,AR
621,Gary,Knight,03/8/1994,***-**-1242,AR
300,Gary,Knight,03/8/1994,***-**-1242,AR
640,Gary,Knight,03/8/1994,***-**-1242,AR
297,Gary,Knight,03/8/1994,***-**-1242,AR
209,Gary,Knight,03/8/1994,***-**-1242,AR
320,Gary,Knight,03/8/1994,***-**-1242,AR
242,Gary,Knight,03/8/1994,***-**-1242,AR
258,Gary,Knight,03/8/1994,***-**-1242,AR
570,Gary,Knight,03/8/1994,***-**-1242,AR
417,Gary,Knight,03/8/1994,***-**-1242,AR
281,Gary,Knight,03/8/1994,***-**-1242,AR
436,Gary,Knight,03/8/1994,***-**-1242,AR
441,Gary,Knight,03/8/1994,***-**-1242,AR
425,Gary,Knight,03/8/1994,***-**-1242,AR
553,Gary,Knight,03/8/1994,***-**-1242,AR
266,Gary,Knight,03/8/1994,***-**-1242,AR
40,Gary,Knight,03/8/1994,***-**-1242,AR
609,Gary,Knight,03/8/1994,***-**-1242,AR
471,Gary,Knight,03/8/1994,***-**-1242,AR
307,Gary,Knight,03/8/1994,***-**-1242,AR
353,Gary,Knight,03/8/1994,***-**-1242,AR
393,Gary,Knight,03/8/1994,***-**-1242,AR
607,Gary,Knight,03/8/1994,***-**-1242,AR
483,Gary,Knight,03/8/1994,***-**-1242,AR
370,Gary,Knight,03/8/1994,***-**-1242,AR
273,Gary,Knight,03/8/1994,***-**-1242,AR
141,Gary,Knight,03/8/1994,***-**-1242,AR
338,Gary,Knight,03/8/1994,***-**-1242,AR
15,Gary,Knight,03/8/1994,***-**-1242,AR
120,Gary,Knight,03/8/1994,***-**-1242,AR
75,Gary,Knight,03/8/1994,***-**-1242,AR
115,Gary,Knight,03/8/1994,***-**-1242,AR
629,Gary,Knight,03/8/1994,***-**-1242,AR
299,Gary,Knight,03/8/1994,***-**-1242,AR
498,Gary,Knight,03/8/1994,***-**-1242,AR
445,Gary,Knight,03/8/1994,***-**-1242,AR
582,Gary,Knight,03/8/1994,***-**-1242,AR
245,Gary,Knight,03/8/1994,***-**-1242,AR
129,Gary,Knight,03/8/1994,***-**-1242,AR
544,Gary,Knight,03/8/1994,***-**-1242,AR
377,Gary,Knight,03/8/1994,***-**-1242,AR
155,Gary,Knight,03/8/1994,***-**-1242,AR
440,Gary,Knight,03/8/1994,***-**-1242,AR
550,Gary,Knight,03/8/1994,***-**-1242,AR
47,Gary,Knight,03/8/1994,***-**-1242,AR
89,Gary,Knight,03/8/1994,***-**-1242,AR
145,Gary,Knight,03/8/1994,***-**-1242,AR
554,Gary,Knight,03/8/1994,***-**-1242,AR
523,Gary,Knight,03/8/1994,***-**-1242,AR
499,Gary,Knight,03/8/1994,***-**-1242,AR
37,Gary,Knight,03/8/1994,***-**-1242,AR
384,Gary,Knight,03/8/1994,***-**-1242,AR
514,Gary,Knight,03/8/1994,***-**-1242,AR
260,Gary,Knight,03/8/1994,***-**-1242,AR
239,Gary,Knight,03/8/1994,***-**-1242,AR
420,Gary,Knight,03/8/1994,***-**-1242,AR
380,Gary,Knight,03/8/1994,***-**-1242,AR
387,Gary,Knight,03/8/1994,***-**-1242,AR
207,Gary,Knight,03/8/1994,***-**-1242,AR
318,Gary,Knight,03/8/1994,***-**-1242,AR
16,Gary,Knight,03/8/1994,***-**-1242,AR
61,Gary,Knight,03/8/1994,***-**-1242,AR
280,Gary,Knight,03/8/1994,***-**-1242,AR
13,Gary,Knight,03/8/1994,***-**-1242,AR
563,Gary,Knight,03/8/1994,***-**-1242,AR
569,Gary,Knight,03/8/1994,***-**-1242,AR
575,Gary,Knight,03/8/1994,***-**-1242,AR
319,Gary,Knight,03/8/1994,***-**-1242,AR
122,Gary,Knight,03/8/1994,***-**-1242,AR
520,Gary,Knight,03/8/1994,***-**-1242,AR
489,Gary,Knight,03/8/1994,***-**-1242,AR
136,Gary,Knight,03/8/1994,***-**-1242,AR
142,Gary,Knight,03/8/1994,***-**-1242,AR
250,Gary,Knight,03/8/1994,***-**-1242,AR
383,Gary,Knight,03/8/1994,***-**-1242,AR
650,Gary,Knight,03/8/1994,***-**-1242,AR
231,Gary,Knight,03/8/1994,***-**-1242,AR
431,Gary,Knight,03/8/1994,***-**-1242,AR
306,Gary,Knight,03/8/1994,***-**-1242,AR
151,Gary,Knight,03/8/1994,***-**-1242,AR
519,Gary,Knight,03/8/1994,***-**-1242,AR
172,Gary,Knight,03/8/1994,***-**-1242,AR
121,Gary,Knight,03/8/1994,***-**-1242,AR
140,Gary,Knight,03/8/1994,***-**-1242,AR
48,Gary,Knight,03/8/1994,***-**-1242,AR
282,Gary,Knight,03/8/1994,***-**-1242,AR
42,Gary,Knight,03/8/1994,***-**-1242,AR
247,Gary,Knight,03/8/1994,***-**-1242,AR
59,Gary,Knight,03/8/1994,***-**-1242,AR
137,Gary,Knight,03/8/1994,***-**-1242,AR
257,Gary,Knight,03/8/1994,***-**-1242,AR
343,Gary,Knight,03/8/1994,***-**-1242,AR
195,Gary,Knight,03/8/1994,***-**-1242,AR
268,Gary,Knight,03/8/1994,***-**-1242,AR
558,Gary,Knight,03/8/1994,***-**-1242,AR
70,Gary,Knight,03/8/1994,***-**-1242,AR
28,Gary,Knight,03/8/1994,***-**-1242,AR
132,Gary,Knight,03/8/1994,***-**-1242,AR
335,Gary,Knight,03/8/1994,***-**-1242,AR
349,Gary,Knight,03/8/1994,***-**-1242,AR
510,Gary,Knight,03/8/1994,***-**-1242,AR
36,Gary,Knight,03/8/1994,***-**-1242,AR
430,Gary,Knight,03/8/1994,***-**-1242,AR
376,Gary,Knight,03/8/1994,***-**-1242,AR
226,Gary,Knight,03/8/1994,***-**-1242,AR
240,Gary,Knight,03/8/1994,***-**-1242,AR
291,Gary,Knight,03/8/1994,***-**-1242,AR
619,Gary,Knight,03/8/1994,***-**-1242,AR
424,Gary,Knight,03/8/1994,***-**-1242,AR
212,Gary,Knight,03/8/1994,***-**-1242,AR
263,Gary,Knight,03/8/1994,***-**-1242,AR
443,Gary,Knight,03/8/1994,***-**-1242,AR
26,Gary,Knight,03/8/1994,***-**-1242,AR
491,Gary,Knight,03/8/1994,***-**-1242,AR
114,Gary,Knight,03/8/1994,***-**-1242,AR
434,Gary,Knight,03/8/1994,***-**-1242,AR
615,Gary,Knight,03/8/1994,***-**-1242,AR
525,Gary,Knight,03/8/1994,***-**-1242,AR
44,Gary,Knight,03/8/1994,***-**-1242,AR
475,Gary,Knight,03/8/1994,***-**-1242,AR
529,Gary,Knight,03/8/1994,***-**-1242,AR
83,Gary,Knight,03/8/1994,***-**-1242,AR
275,Gary,Knight,03/8/1994,***-**-1242,AR
190,Gary,Knight,03/8/1994,***-**-1242,AR
423,Gary,Knight,03/8/1994,***-**-1242,AR
581,Gary,Knight,03/8/1994,***-**-1242,AR
177,Gary,Knight,03/8/1994,***-**-1242,AR
573,Gary,Knight,03/8/1994,***-**-1242,AR
46,Gary,Knight,03/8/1994,***-**-1242,AR
17,Gary,Knight,03/8/1994,***-**-1242,AR
101,Gary,Knight,03/8/1994,***-**-1242,AR
261,Gary,Knight,03/8/1994,***-**-1242,AR
435,Gary,Knight,03/8/1994,***-**-1242,AR
448,Gary,Knight,03/8/1994,***-**-1242,AR
597,Gary,Knight,03/8/1994,***-**-1242,AR
628,Gary,Knight,03/8/1994,***-**-1242,AR
610,Gary,Knight,03/8/1994,***-**-1242,AR
113,Gary,Knight,03/8/1994,***-**-1242,AR
235,Gary,Knight,03/8/1994,***-**-1242,AR
21,Gary,Knight,03/8/1994,***-**-1242,AR
362,Gary,Knight,03/8/1994,***-**-1242,AR
368,Gary,Knight,03/8/1994,***-**-1242,AR
323,Gary,Knight,03/8/1994,***-**-1242,AR
